AI Peptide Research Protocols,"Educational peptide assistant giving verified, neutral research protocols",community builder,4.8,90+,10K+,Research,"Web Search, Canvas, 4o Image Generation, Code Interpreter & Data Analysis",https://chatgpt.com/g/g-68867cb95e00819192645d49770606de-ai-peptide-research-protocols
AI Tools GPT,"Proactive expert in all AI tools, offering immediate and detailed Ai Tool recommendations and support.",AiWebTools.Ai,4.1,30+,10K+,Productivity,"Web Search, Canvas, 4o Image Generation, Code Interpreter & Data Analysis",https://chatgpt.com/g/g-u1HIulPPr-ai-tools-gpt
Content Creation and Social Media Plans PRO,"I'm your social media planner and content creator for Instagram, I help you with your content types, ideas and video scripts.",community builder,4.4,300+,10K+,Productivity,"Code Interpreter & Data Analysis, Web Search, DALLÂ·E Images",https://chatgpt.com/g/g-wAyF8lAHo-content-creation-and-social-media-plans-pro
LinkedIn AI: LI Post Writer / LI Content Creator,"Expert AI tailored for writing content on LinkedIn --one of the best ways to get eyeballs on your LinkedIn Profile, generating leads, attracting recruiters, and more. Our AI LinkedIn Post Writer will generate expert-level content for your profile, customized to your niche, theme, career goals, etc.",careerflow.ai,4.3,200+,10K+,Writing,DALLÂ·E Images,https://chatgpt.com/g/g-D34RcfVvw-linkedin-ai-li-post-writer-li-content-creator
CPA-finance/accounting,A CPA specializing in finance and accounting guidance.,Hye Kyung Keum,4.4,300+,10K+,Education,"Web Search, DALLÂ·E Images",https://chatgpt.com/g/g-qWJR7M4HY-cpa-finance-accounting
Accounting,Aid in university-level accounting with explanations and problem-solving guidance.,Ragul Rajtharan,4.3,200+,10K+,Education,"Web Search, DALLÂ·E Images",https://chatgpt.com/g/g-Pto6OsGI7-accounting
Close CRM,"Access your Close CRM data. Understand your leads, get deeper insights, and make them actionable.",community builder,4.1,300+,10K+,Productivity,"Actions
Retrieves or takes actions outside of ChatGPT, Retrieves or takes actions outside of ChatGPT",https://chatgpt.com/g/g-niP8wCiLJ-close-crm
Hormozi 100M Business Coach,Alex Hormozi Your Personal AI Business Coach ğŸ”¥ Blotato.com - scale organic marketing with AI,Sabrina Atienza,4.6,400+,10K+,Productivity,"Web Search, Canvas, Code Interpreter & Data Analysis",https://chatgpt.com/g/g-68e1ba0c464481919a3de3166a71c12a-hormozi-100m-business-coach
Medical Coding and Billing Tool,"Specialist in medical coding and billing, streamlining insurance claims.",moidhin ramshid,4.4,200+,10K+,Productivity,DALLÂ·E Images,https://chatgpt.com/g/g-vwPlpRTYQ-medical-coding-and-billing-tool
GPTim: Service Now Development Helper v5.2.1,Assists ServiceNow developers with platform development and technical architecture.,Tim Woodruff,4.3,40+,10K+,Programming,"Web Search, Canvas, DALLÂ·E Images, Code Interpreter & Data Analysis, 4o Image Generation",https://chatgpt.com/g/g-Ll9FgYpZP-gptim-service-now-development-helper-v5-2-1
Unity Game Development Mentor,"Expert in Unity game development, offering detailed guidance and creative visual explanations.",Shahar sosa,4.4,200+,10K+,Development,"Code Interpreter & Data Analysis, Web Search, DALLÂ·E Images",https://chatgpt.com/g/g-RVnmTzjGg-unity-game-development-mentor
Software Testing Assistant [Manual/Automation],"Software Test Automation Expert: Ask, Learn, Improve, and Implement. Help transition from manual to automation tester.",David Kennedy,4.3,300+,10K+,Programming,DALLÂ·E Images,https://chatgpt.com/g/g-u3gA72Xgq-software-testing-assistant-manual-automation
Make Automation Pro,Expert en Automatisation Make,JÃ©rÃ©my MERRE,4.0,300+,10K+,Productivity,"DALLÂ·E Images, Code Interpreter & Data Analysis, Web Search",https://chatgpt.com/g/g-lN2HZgoxo-make-automation-pro
Data Engineering and Data Analysis,"Expert in data analysis, insights, and ETL software recommendations.",MIRIAM FIGUEROA,4.4,500+,10K+,Research & Analysis,"DALLÂ·E Images, Web Search, Code Interpreter & Data Analysis",https://chatgpt.com/g/g-QULYhGf7O-data-engineering-and-data-analysis
Coding in R Studio with AI,Corrects mistakes & creates R code for any task,Al Charles,4.3,300+,10K+,Productivity,DALLÂ·E Images,https://chatgpt.com/g/g-2NfgXOb1d-coding-in-r-studio-with-ai
Advanced Big Data Analytics,"Advanced big data analysis tool for insightful patterns, trends, and predictions.",moidhin ramshid,4.2,500+,10K+,Analytics,"Web Search, Code Interpreter & Data Analysis, DALLÂ·E Images",https://chatgpt.com/g/g-cPN7Mb5u0-advanced-big-data-analytics
Code NinjağŸ¥· Python Java C Html SQL Lua PHP coding,"Master every programming challenge with ease, from Python, JavaScript, React, C, C++, HTML, SQL, Rust, Roblox Studio, MSW, Lua and PHP. CodeNinja delivers clean, optimized code across all languages, making it the smartest, most versatile programmer by your side.",community builder,4.1,400+,10K+,Programming,"Actions
Retrieves or takes actions outside of ChatGPT, Retrieves or takes actions outside of ChatGPT, Code Interpreter & Data Analysis",https://chatgpt.com/g/g-xsn3vKCj1-code-ninja-python-java-c-html-sql-lua-php-coding
Multiple Choice Question Generator (education),"Generates clear, relevant multiple-choice questions on various topics.",Tim Vermeulen,4.2,300+,10K+,Education,DALLÂ·E Images,https://chatgpt.com/g/g-ZKcU5Y61H-multiple-choice-question-generator-education
IT Project Management GPT,"Expert in IT Project Management, Agile, DevOps, and Tech Stacks",DynamicDigital,4.5,300+,10K+,Project Management,"Code Interpreter & Data Analysis, DALLÂ·E Images, Web Search",https://chatgpt.com/g/g-r7FZCYvTV-it-project-management-gpt
Project Management Assistant PMI,Your top project management assistant!,"Alexander Guerrero Navas, PMP",4.4,300+,10K+,Productivity,DALLÂ·E Images,https://chatgpt.com/g/g-IEpYQXivO-project-management-assistant-pmi
HR Strategy Genius,"I am an AI expert in Human Resources, specializing in HR planning, recruitment strategies, training programs, performance management, compensation, and labor relations. Your go-to for strategic HR solutions.",Christoph Schellenberg,4.5,300+,10K+,Productivity,DALLÂ·E Images,https://chatgpt.com/g/g-rTSHVxmB6-hr-strategy-genius
HR MASTERMIND,"This GPT is an advanced human resources AI, providing expert advice across multiple HR areas, tailored to the latest legal and industry standards",drh-digital.com,4.4,100+,10K+,Productivity,"DALLÂ·E Images, Web Search, Code Interpreter & Data Analysis",https://chatgpt.com/g/g-KalmzWJlf-hr-mastermind
VCE Accounting GPT,#1 VCE Accounting teacher based on the VCAA Curriculum | Made by HZ Tutoring,Jun Zhang,4.0,30+,10K+,Education,"DALLÂ·E Images, Web Search, Canvas, Code Interpreter & Data Analysis",https://chatgpt.com/g/g-67c1ca38fab48191a97265afeb790d61-vce-accounting-gpt
Construction Project Management,"Streamline your construction projects with AI-driven management tools. Optimize planning, collaboration, and execution for superior project outcomes. ğŸ—ï¸ğŸ¤–",uni.com.ai,4.4,400+,10K+,Project Management,"Code Interpreter & Data Analysis, Web Search, DALLÂ·E Images",https://chatgpt.com/g/g-gcqvgG5Tw-construction-project-management
Dan Kennedy Magnetic Marketing Consulting,Direct Marketing Consulting from Dan Kennedy's knowledge base about Magnetic Marketing,Rainmakers Media,4.5,100+,10K+,Education,Web Search,https://chatgpt.com/g/g-vv6zoKhI8-dan-kennedy-magnetic-marketing-consulting
AutoshopAIX - Sales Script Engine,"A sales co-pilot built for real auto repair advisors. It helps you plan the call, build a clean script, ask the right questions, and close work confidently â€” all using AutoShop Answers as the source of truth.",Michael Floyd,4.8,40+,10K+,Productivity,DALLÂ·E Images,https://chatgpt.com/g/g-687a23d440ac8191b59d190fecca42d7-autoshopaix-sales-script-engine
Strategic Sales Guide - Sales Manager,"""Mastering Sales Strategy: Your Strategic Sales Guide - Sales Manager"" - Sales Manager offering strategies, tips, and insights on sales and marketing.",David G Kibaara,4.5,500+,10K+,Productivity,"Code Interpreter & Data Analysis, Web Search, DALLÂ·E Images",https://chatgpt.com/g/g-cgkqtpIVH-strategic-sales-guide-sales-manager
Sales and Marketing : Account Research & Outbound,"Expert in account research, building a sequence or cadence and personalizing email outreach. Learn more: www.aipoweredgtm.com",Jonathan Moss,4.5,100+,10K+,Sales,DALLÂ·E Images,https://chatgpt.com/g/g-KIB2rK5MB-sales-and-marketing-account-research-outbound
Startup checker,"Critically analyzing startup ideas, unafraid to call them stupid.",Thomas Ricouard,4.7,200+,10K+,Startup,"DALLÂ·E Images, Web Search",https://chatgpt.com/g/g-Ef41z7Bxj-startup-checker
IFTTT Automation Assistant,Execute IFTTT actions. Increase your efficiency with integrations for home and business.,community builder,4.0,200+,10K+,Productivity,"DALLÂ·E Images, Actions
Retrieves or takes actions outside of ChatGPT, Retrieves or takes actions outside of ChatGPT, Web Search, Code Interpreter & Data Analysis",https://chatgpt.com/g/g-OiXqRqHJk-ifttt-automation-assistant
Social Media Content Strategist,"I generate Instagram content ideas, captions, hooks and CTA's for coaches, course creators and digital marketers.",Paula Jones,4.5,200+,10K+,Writing,"DALLÂ·E Images, Web Search, Canvas, 4o Image Generation, Code Interpreter & Data Analysis",https://chatgpt.com/g/g-pPnm7YUv5-social-media-content-strategist
"Copywriter PRO â€” Marketing, SEO, Emails & Ads etc.","Write SEO blogs, ad copy, cold emails, & CTAs fast. Copywriter PRO helps with sales pages, product descriptions, headlines, and keyword-rich content for all industries.",WEBIFIED HUB LTD,3.8,500+,10K+,DALLÂ·E,"Web Search, Canvas, 4o Image Generation, Code Interpreter & Data Analysis, Actions
Retrieves or takes actions outside of ChatGPT, Retrieves or takes actions outside of ChatGPT",https://chatgpt.com/g/g-68f29ab724fc81919000304f322c905f-copywriter-pro-marketing-seo-emails-ads-etc
Cost Accounting GPT,Your AI Expert in Cost Accounting by Justin Jake,Justin Jake Agapito,4.2,200+,10K+,Accounting,"DALLÂ·E Images, Code Interpreter & Data Analysis",https://chatgpt.com/g/g-J7K37W202-cost-accounting-gpt
Product Marketing Advisor,Expert in Product Marketing. Developed by productmarketingalliance.com,productmarketingalliance.com,4.4,200+,10K+,Research & Analysis,"Actions
Retrieves or takes actions outside of ChatGPT, Retrieves or takes actions outside of ChatGPT",https://chatgpt.com/g/g-mZf2Crp6X-product-marketing-advisor
Digital Marketing Strategist Pro,"Craft tailored and detailed digital channel strategies based on URL or business requirements. I will create a marketing plan for each platform, including budget allocation and an estimated impact. This helps campaign planners create a better cross-channel marketing plan in seconds.",topmarketingai.com,4.5,300+,10K+,Research & Analysis,"Web Search, Code Interpreter & Data Analysis, Actions
Retrieves or takes actions outside of ChatGPT, Retrieves or takes actions outside of ChatGPT",https://chatgpt.com/g/g-tA2nq5Ppv-digital-marketing-strategist-pro
Chief Marketing Officer,A virtual CMO providing expert marketing insights and strategies.,Adam Pasierski,4.6,300+,10K+,Marketing,"Web Search, Code Interpreter & Data Analysis, DALLÂ·E Images",https://chatgpt.com/g/g-yPSEzmZyG-chief-marketing-officer
B2B Marketing Strategist 3.0,"Your partner for B2B marketing success. Develop expert strategies, campaigns, content marketing programs, messaging, and improved prospect targeting ğŸš€",Alex Croucher FCIM,4.6,100+,10K+,Productivity,"Web Search, Code Interpreter & Data Analysis, Canvas, DALLÂ·E Images",https://chatgpt.com/g/g-67d2f54a4ad88191b7e2ed22569f6d56-b2b-marketing-strategist-3-0
Facebook Marketing Advisor,"Digital marketing and social media expert, adaptable and user-focused.",Jhonathan Gutierrez,4.4,400+,10K+,Productivity,"DALLÂ·E Images, Web Search",https://chatgpt.com/g/g-gQ06ut849-facebook-marketing-advisor
Influencer Marketing GPT,Get campaign ideas to boost your influencer marketing game.,godofprompt.ai,4.4,100+,10K+,Marketing,"Code Interpreter & Data Analysis, Web Search",https://chatgpt.com/g/g-ECeQdqV28-influencer-marketing-gpt
AI Advantage Digital Marketing Manager,"Manages digital marketing strategies to maximize ROI across online channels, using analytics and leadership skills. Start with one of the 3 example use cases or generate 30 more.",@TheAIAdvantage,4.3,200+,10K+,Productivity,DALLÂ·E Images,https://chatgpt.com/g/g-d3oQvosUL-ai-advantage-digital-marketing-manager
Content Marketing Plan Builder,"Ceate a content marketing plan with detailed content ideas tailored to the channels you want to use, including keywords, themes, and funnel stage.",intelliminds.ai,4.4,200+,10K+,Productivity,Web Search,https://chatgpt.com/g/g-ZtGrTSP18-content-marketing-plan-builder
Canvas + Marketing Consultant,"Instantly develop a winning marketing strategy, professional website, email marketing, & more ğŸ†ğŸ’°ğŸ“ˆ. Powered by top AI website builder B12. ğŸ†• Updated for ChatGPT canvas!",community builder,4.3,300+,10K+,Research & Analysis,"Actions
Retrieves or takes actions outside of ChatGPT, Retrieves or takes actions outside of ChatGPT, Canvas, DALLÂ·E Images, Code Interpreter & Data Analysis, Web Search",https://chatgpt.com/g/g-kgTKKVttG-canvas-marketing-consultant
Sales Funnel,Sales and Marketing AI Funnel Builder. ClickFunnels AI assistant. Marketing Ai Secrets + Tips. Best Software and Books. Sales Funnel Templates & Examples. 1) Give details about your business â†’ 2) Put the Funnel Gpt into context â†’ 3) Better inputs â†’ 4) Better and more specific answers. Try now! â¬‡â¬‡â¬‡,Linkify.ai â˜…â˜…â˜…â˜…â˜…,4.4,300+,10K+,Productivity,"Web Search, DALLÂ·E Images, Code Interpreter & Data Analysis",https://chatgpt.com/g/g-9TZGb8UmS-sales-funnel
AI Website Sales Conversion Rate Optimisation CRO,AI will review your site and give very actionable improvements to improve sales conversion rates,aeon8.co.uk,4.1,100+,10K+,Productivity,Web Search,https://chatgpt.com/g/g-xQoFVIirv-ai-website-sales-conversion-rate-optimisation-cro
SalesÆ’orce Admin,Expert Salesforce Administrator assisting with Salesforce queries.,William,4.2,90+,10K+,Productivity,"DALLÂ·E Images, Code Interpreter & Data Analysis, Web Search",https://chatgpt.com/g/g-YUkQRK6tI-salesforce-admin
B2B Technology Sales Coach: Stop Touching Base,"B2B sales GPT for full-cycle technology sales (MSP, VAR, SaaS, OEM). Master cold calling, objection handling, sales coaching, and quoting under pressure. Follow up with clarity, not noise. Powered by Stop Touching Base â€” no fluff, no chasing, built for results.",Jon Manley,4.6,100+,10K+,Productivity,"DALLÂ·E Images, Web Search, Canvas, 4o Image Generation",https://chatgpt.com/g/g-68096880c4448191a941307255913423-b2b-technology-sales-coach-stop-touching-base
Salesian & Don Bosco Research,"Multilingual Assistant in Salesian Education, Spirituality and History",Michal Vojtas,4.5,50+,10K+,Education,"Web Search, Canvas, Code Interpreter & Data Analysis, 4o Image Generation",https://chatgpt.com/g/g-9wRyga7yM-salesian-don-bosco-research
Buyer Persona GPT for Sales,A dynamic persona card for sales teams! Enter a [Job Title + Company Name] to start strong sales strategizing an approach for your approach to more bespoke sales engagement!! Sales Managers and Sales Reps should all add this to their sales tool belt today!,Chris Briest,4.6,100+,10K+,Sales,Web Search,https://chatgpt.com/g/g-0hOz1LU3P-buyer-persona-gpt-for-sales
Cold Email and Sales Email Generator by Reply.io,"Create high-performing sales, outbound and cold email templates (powered by Reply.io extensive email template library).",reply.io,4.2,200+,10K+,Writing,DALLÂ·E Images,https://chatgpt.com/g/g-VQ5WpOxdg-cold-email-and-sales-email-generator-by-reply-io
Statistics File Reader / Analyzer,"Reads SPSS, STATA, Eviews, Jamovi, JMP, Excel, CSV files and performs advanced statistical analyses including factor analysis, SEM, process macro, ARCH, MCDM.",Said SÃ¼rÃ¼cÃ¼,4.2,500+,10K+,Research & Analysis,Code Interpreter & Data Analysis,https://chatgpt.com/g/g-ZLKnksttu-statistics-file-reader-analyzer
"CanvaGPT: Flyer ,Poster & Infographic Designer","Design flyers, posters, brochures, business cards, infographics, banners, and social media graphics with this Canva-style AI design tool. Create professional, print-ready templates, custom layouts, and brand-aligned visuals. The ultimate flyer maker, poster generator, and business card creator.",NACHET ABDERRAHIM,3.5,500+,10K+,DALLÂ·E,"Web Search, 4o Image Generation, Code Interpreter & Data Analysis",https://chatgpt.com/g/g-68a4dad7b10481919188432f71a6f9f0-canvagpt-flyer-poster-infographic-designer
AI Interior Design Assistant,AI Interior Design Assistant for 3D renderings and product recommendations.,AiWebTools.Ai,3.5,300+,10K+,Lifestyle,"Web Search, Canvas, DALLÂ·E Images, Code Interpreter & Data Analysis, 4o Image Generation",https://chatgpt.com/g/g-SmugtATDB-ai-interior-design-assistant
WordPressGPT â€” AI Website Builder & Theme Designer,"Build stunning WordPress websites with AI. Get SEO-optimized designs, themes, landing pages, eCommerce, blogs & portfolios instantly. Related tools: 10Web, Softr, Webflow, Framer, Dorik, Wix, Typedream, Elementor, Carrd, Unbounce, and Site123.",KHADIN AKBAR,4.2,600+,10K+,DALLÂ·E,"DALLÂ·E Images, Web Search, Canvas, Code Interpreter & Data Analysis",https://chatgpt.com/g/g-6803cd1a865081918631320907c6b85f-wordpressgpt-ai-website-builder-theme-designer
Home Design & Renovation Advisor,"Expert in interior design and renovation, offering personalized advice and 3D visualizations.",community builder,3.5,500+,10K+,Lifestyle,"Web Search, DALLÂ·E Images",https://chatgpt.com/g/g-i3LmFC5SZ-home-design-renovation-advisor
AI Furniture Designer,Designing personalized furniture layouts based on your photos,community builder,3.2,300+,10K+,Design,"Code Interpreter & Data Analysis, DALLÂ·E Images, Web Search",https://chatgpt.com/g/g-XFK7pjhaW-ai-furniture-designer
Exterior Design Visualizer,Efficient in creating visual designs with minimal text.,wookeys.ai,3.1,200+,10K+,DALLÂ·E,"DALLÂ·E Images, Code Interpreter & Data Analysis",https://chatgpt.com/g/g-dB23HG4ml-exterior-design-visualizer
UX Research & Design.ai,"The world's most powerful UX Research & Design ai-expert - enriched with 10,000+ case studies and reputable UX sources.",Rose Beverly,4.3,300+,10K+,Research & Analysis,"DALLÂ·E Images, Web Search, Canvas, Code Interpreter & Data Analysis",https://chatgpt.com/g/g-HzqfVRoYE-ux-research-design-ai
"Product Designer GPT â€” UI, UX, Wireframe & Mockups","Design UI/UX, wireframes, mockups, mobile app UI, web dashboards, user flows & prototypes with AI. Ideal for Figma, UXPilot, Framer, Sketch, Adobe XD, Uizard, Visily, Balsamiq, Zeplin & MockFlow. Create landing pages, SaaS UI, and product designs fast.",KHADIN AKBAR,3.8,500+,10K+,DALLÂ·E,"DALLÂ·E Images, Web Search, Canvas, 4o Image Generation, Code Interpreter & Data Analysis, Actions
Retrieves or takes actions outside of ChatGPT, Retrieves or takes actions outside of ChatGPT",https://chatgpt.com/g/g-67e5e6a45bc0819199664eef16148416-product-designer-gpt-ui-ux-wireframe-mockups
UX/UI Product Designer,"Specializing in user-centered digital design and scalable systems. I optimize usability, accessibility, and design consistency to create seamless, high-impact experiences across web and mobile platforms.",Parra,4.2,300+,10K+,Productivity,"DALLÂ·E Images, 4o Image Generation",https://chatgpt.com/g/g-03AFkGVGW-ux-ui-product-designer
CarouselGen Master ğŸ - Social Media Slide Designer,"Turn your idea into a scroll-stopping carousel for Instagram, LinkedIn, or Facebook. This upgraded GPT transforms your topic into a slide-by-slide content plan with visuals, headlines, layout presets, CTA ideas, and hooks â€” ready to design or auto-generate.",aimoneygen.com,4.0,300+,10K+,Writing,"Web Search, DALLÂ·E Images, Code Interpreter & Data Analysis, 4o Image Generation, Canvas",https://chatgpt.com/g/g-ZOwGNyYR1-carouselgen-master-social-media-slide-designer
GPT Designer -Create Unique T-Shirt Design Prompts,Expert in creating vector designs for t-shirts based on your descriptions or images.,aimoneygen.com,3.6,400+,10K+,DALLÂ·E,"DALLÂ·E Images, Web Search, 4o Image Generation, Canvas",https://chatgpt.com/g/g-X0nhtMqRM-gpt-designer-create-unique-t-shirt-design-prompts
Book Cover Designer,"I'm your go-to for crafting visually stunning book covers that captivate and resonate. With expertise in genre trends, I'll bring your story to life visually. Let's make your book irresistible to readers!",GPT Plus,3.8,700+,10K+,DALLÂ·E,"Web Search, DALLÂ·E Images",https://chatgpt.com/g/g-HsIvXWi7r-book-cover-designer
"CanvasPRO â€” Vector Art, Icons & Logo Design","Create vector art, flat illustrations, app icons, custom logos, and SVGs with Illustrator CANVASPRO GPT. Ideal for designers, marketers, and UI/UX teams. Powered by tools like Figma, Canva, Adobe Illustrator, Vectr & Iconscout. Your AI design assistant!",Khadin Akbar,3.4,300+,10K+,DALLÂ·E,"DALLÂ·E Images, 4o Image Generation, Code Interpreter & Data Analysis, Actions
Retrieves or takes actions outside of ChatGPT, Retrieves or takes actions outside of ChatGPT",https://chatgpt.com/g/g-67fd824f617881918550442a2c3b84e9-canvaspro-vector-art-icons-logo-design
Building Designs and Plans,Architectural concept creator for houses and commercial buildings using DALL-E.,Gilbert Andrew,3.2,500+,10K+,Design,"DALLÂ·E Images, Web Search",https://chatgpt.com/g/g-FFbyeLhw9-building-designs-and-plans
Mockup Maker GPT â€” 3D Product & POD Merch Designer,"Create 3D product mockups, merch designs, POD visuals, and packaging previews for tshirts, mugs, bags, hats etc. with AI. Perfect for eCommerce, Etsy, Printful, Printify, Redbubble, Shopify, and branding mockups.",Khadin Akbar,3.7,600+,10K+,DALLÂ·E,"DALLÂ·E Images, Web Search, Canvas, 4o Image Generation, Code Interpreter & Data Analysis, Actions
Retrieves or takes actions outside of ChatGPT, Retrieves or takes actions outside of ChatGPT",https://chatgpt.com/g/g-676690b06aac8191a4ee82cc4ee5add8-mockup-maker-gpt-3d-product-pod-merch-designer
Interior Design GPT,"Get interior design guidance for every room in your home. From layout ideas to color palettes and decorating tips, receive creative, practical advice tailored to your style. Perfect for beginners and design lovers alike.",Christina Kumar,3.4,200+,10K+,Lifestyle,"Code Interpreter & Data Analysis, DALLÂ·E Images, Web Search, Canvas, 4o Image Generation",https://chatgpt.com/g/g-DlqFzHJPj-interior-design-gpt
Game Designer,"Designs unique video game concepts, including characters, levels, and mechanics, geared towards indie developers.",Hustle Playground,4.4,200+,10K+,Programming,DALLÂ·E Images,https://chatgpt.com/g/g-Q37jjxrMw-game-designer
eLearning Expert (Instructional Designer),Expert in eLearning course development and instructional design.,Justin Peterson,4.5,300+,10K+,Education,"DALLÂ·E Images, Web Search",https://chatgpt.com/g/g-ebUpvNBNX-elearning-expert-instructional-designer
Human Design & Astrology Companion,Accurate insights into your unique design with Human Design and astrology readings.,8hop Premium Handel,4.5,200+,10K+,Design,DALLÂ·E Images,https://chatgpt.com/g/g-NzuOWaK6t-human-design-astrology-companion
UI/UX Design for Mobile Apps,Elevate your mobile app designs with expert UI/UX strategies and techniques for engaging user experiences. ğŸ“ˆğŸ’¡,uni.com.ai,3.7,600+,10K+,Design,"Code Interpreter & Data Analysis, Web Search, DALLÂ·E Images",https://chatgpt.com/g/g-yW0J9eZsk-ui-ux-design-for-mobile-apps
VLSI and ASIC Design,"Expert in VLSI & ASIC design, aiding in chip design and tape-out processes.",community builder,4.3,100+,10K+,Design,DALLÂ·E Images,https://chatgpt.com/g/g-8numKrXlY-vlsi-and-asic-design
Architecture Design Sketches UPGRADED,"Updated AI Generator ğŸ¦ Architecture Design Sketches ğŸ¦ suitable for architects, designers, and creatives. It generates drawings of building facades and styles across historical, modern, and contemporary architectures, public and private, facilitating the visualisation of architectural projects.",Riccardo Basso,2.9,500+,10K+,DALLÂ·E,"DALLÂ·E Images, 4o Image Generation",https://chatgpt.com/g/g-5fNishoUM-architecture-design-sketches-upgraded
Kitchen Design Planner,"Craft your ideal kitchen with AI-powered design expertise, transforming your vision into a functional masterpiece. Tailor every detail with interactive planning for a space that truly feels like home. ğŸ’¡ğŸ¡",uni.com.ai,2.9,400+,10K+,Design,"DALLÂ·E Images, Web Search, Code Interpreter & Data Analysis",https://chatgpt.com/g/g-38WfaYYg0-kitchen-design-planner
FREE T Shirt Design Tool,FREE T Shirt Design Tool - I'm your go-to for creating unique t-shirt designs.,community builder,3.6,300+,10K+,DALLÂ·E,"Web Search, DALLÂ·E Images",https://chatgpt.com/g/g-D6nPrL954-free-t-shirt-design-tool
Matlab Simulink Model based design helper,"Matlab expert, specializing in automating Simulink tasks programmatically.",YVER CAMILLE,4.0,500+,10K+,Programming,"Code Interpreter & Data Analysis, DALLÂ·E Images, Web Search, Canvas",https://chatgpt.com/g/g-ivXLsKNoT-matlab-simulink-model-based-design-helper
Clothing Designer,"I craft detailed, tailored clothing designs.",community builder,3.4,300+,10K+,DALLÂ·E,DALLÂ·E Images,https://chatgpt.com/g/g-C0UhjZRyU-clothing-designer
Interior Design Planner AI,"Generate & convert ideas and old space photos into 2D & 3D interior design plans, simulations, prototypes, ideas, floor plan, and decor photos. Free online interior design planner AI GPT.",gptsmoney.com,3.2,100+,10K+,DALLÂ·E,"Web Search, Code Interpreter & Data Analysis, DALLÂ·E Images, 4o Image Generation, Canvas, Actions
Retrieves or takes actions outside of ChatGPT, Retrieves or takes actions outside of ChatGPT",https://chatgpt.com/g/g-s3O1nvaYO-interior-design-planner-ai
Glibatree Video Designer,"This GPT creates high quality and fully defined prompts based on your idea, story or scene.",glibatree.com,4.6,200+,10K+,Productivity,"DALLÂ·E Images, Web Search, Canvas",https://chatgpt.com/g/g-AAeNQhq0L-glibatree-video-designer
SAP Business One Expert,Expert advice on SAP Business One,Peter Seeling,4.4,100+,10K+,Programming,"Web Search, DALLÂ·E Images",https://chatgpt.com/g/g-D0QzqaxsC-sap-business-one-expert
CEO - Business Mentor,A virtual CEO guide for business growth and management.,gpts4you.com,4.6,200+,10K+,Education,,https://chatgpt.com/g/g-DXHe8Rtmc-ceo-business-mentor
AL Code Helper for Business Central,Straightforward AL programming assistant for advanced users.,Maximilian Bodemann,4.0,30+,10K+,,"DALLÂ·E Images, Code Interpreter & Data Analysis, Web Search",https://chatgpt.com/g/g-gN5Z7pf0q-al-code-helper-for-business-central
IT Business Analyst,"Professional IT Business Analyst, adept in User Stories, Acceptance Criteria, and Test Cases.",Pandav Solutions,4.5,100+,10K+,,"Web Search, DALLÂ·E Images, Code Interpreter & Data Analysis",https://chatgpt.com/g/g-naF7d3X58-it-business-analyst
IB Business IA Expert,IBDP Business Management IA assistant,Amir Parhizkar,4.3,200+,10K+,Education,"Web Search, DALLÂ·E Images",https://chatgpt.com/g/g-5mtP1JRir-ib-business-ia-expert
Business Law Professor,A tutor for Business Associations law school class.,Paul Weitzel,4.6,300+,10K+,Education,"DALLÂ·E Images, Web Search, Canvas",https://chatgpt.com/g/g-SNXBDqFM6-business-law-professor
"Math Expert ğŸ‘‰ğŸ¼ Data, Business & Finance","Advanced mathematical solver for finance, business, and any data scientist or analyst. Detailed step-by-step solutions that include data analysis, graphs, CSV files, an Excel spreadsheet, or PDF report including diagram images.",Crypto,4.3,300+,10K+,Productivity,"Web Search, Code Interpreter & Data Analysis",https://chatgpt.com/g/g-QxNbCdDdO-math-expert-data-business-finance
Consultor Financeiro,Especialista em IA para gestÃ£o financeira e categorizaÃ§Ã£o de despesas.,community builder,4.5,300+,10K+,,Code Interpreter & Data Analysis,https://chatgpt.com/g/g-DlBtJS76e-consultor-financeiro
Finance GPT,"Friendly, actionable, and efficient in providing tailored financial advice.",Arynton Hardy,4.2,90+,10K+,,,https://chatgpt.com/g/g-SrzWBUIQ4-finance-gpt
Clara - Assistente Financeira Pessoal,Assistente financeiro - te ajudo a registrar suas receitas e despesas e manter suas finanÃ§as organizadas.,Rafael Recidive GonÃ§alves,4.6,200+,10K+,Productivity,Code Interpreter & Data Analysis,https://chatgpt.com/g/g-uNnnIPHBM-clara-assistente-financeira-pessoal
Quality Management Excellence,"Provides practical guidance on quality management systems and improvement methods in manufacturing, including automotive. Covers ISO-based standards, auditing approaches, problem-solving tools, Lean and Agile practices, visual quality analysis, and documentation support.",community builder,4.4,200+,10K+,Productivity,"Web Search, Canvas, DALLÂ·E Images, Code Interpreter & Data Analysis, 4o Image Generation",https://chatgpt.com/g/g-IJ549bxgV-quality-management-excellence
SQL Server Management Expert,Specialized in SQL Server Management and technical skills.,Laura Gutierrez,4.3,100+,10K+,,,https://chatgpt.com/g/g-m3fEcmGGM-sql-server-management-expert
Financial Management Mentor,"A thorough mentor in financial management, blending theory with practical examples.",LOK FU HENRY ANDRES,4.5,200+,10K+,,"Code Interpreter & Data Analysis, Web Search, DALLÂ·E Images",https://chatgpt.com/g/g-AQnb64pUi-financial-management-mentor
Human Resources Management,Assists with HR management,ai-gen.co,4.4,200+,10K+,Productivity,"DALLÂ·E Images, Web Search, Canvas, Actions
Retrieves or takes actions outside of ChatGPT, Retrieves or takes actions outside of ChatGPT",https://chatgpt.com/g/g-yNKvObhi2-human-resources-management
IB Business Management,"A knowledge hub powered by GPT-5, specializing in IB Business Management for HL/SL students, including IA help.",Ngo Duc Anh,4.7,70+,10K+,Education,"DALLÂ·E Images, Web Search, Canvas",https://chatgpt.com/g/g-67ff7507d89081918d20268a5b913ec4-ib-business-management
Product Management GPT,"Brainstorm, work more efficiently, and improve your decision-making as a product manager.",community builder,4.3,200+,10K+,,"DALLÂ·E Images, Code Interpreter & Data Analysis, Web Search",https://chatgpt.com/g/g-VhN6RLUJX-product-management-gpt
Serpstat SEO Tool,Discover SEO keywords for a specific topic and analyze SEO metrics/backlink data for a domain with the help of Serpstat.com.,serpstat.com,4.4,100+,10K+,Research & Analysis,"Actions
Retrieves or takes actions outside of ChatGPT, Retrieves or takes actions outside of ChatGPT, DALLÂ·E Images, Web Search",https://chatgpt.com/g/g-DGSpNhxyW-serpstat-seo-tool
YouTube SEO Expert ğŸ¯ Title - Description - Tags,"Welcome! Iâ€™ll help you create the most optimized YouTube video possible. First, click one of the buttons below to get started! ğŸš€",Douglas M Boughton,4.4,100+,10K+,Writing,"DALLÂ·E Images, Web Search, Canvas",https://chatgpt.com/g/g-67d531f136688191ba3960862902f374-youtube-seo-expert-title-description-tags
Advanced SEO Writing Assistant,"I will assist you in crafting an article that is optimized for SEO, ensuring it ranks effectively on Google using your specified keywords.",Kevin P. Encienzo,4.5,100+,10K+,Writing,"Code Interpreter & Data Analysis, Web Search, DALLÂ·E Images",https://chatgpt.com/g/g-7ZfSE8kL5-advanced-seo-writing-assistant
Teepublic SEO Generator,"Optimize your Teepublic listings with AI-driven SEO titles, tags, and descriptions.",aimoneygen.com,4.4,90+,10K+,Productivity,,https://chatgpt.com/g/g-d9Cn7c2i9-teepublic-seo-generator
ë„¤ì´ë²„ë¸”ë¡œê·¸ SEO(ê²€ìƒ‰ì—”ì§„ ìµœì í™”) ê¸€ì“°ê¸°,SEOì— ìµœì í™”ëœ ë¸”ë¡œê·¸ ê¸€ ì‘ì„± GPT,ì œì´ì—˜,4.3,200+,10K+,Writing,,https://chatgpt.com/g/g-0rrQqvtSQ-neibeobeulrogeu-seo-geomsaegenjin-coejeoghwa-geulsseugi
SEO Link Insertion PRO,Create better backlinks faster! Find the best link placements and save 10hours/month link building with this GPT!,"Saaslinkbuilder, MB",4.1,30+,10K+,Productivity,"Code Interpreter & Data Analysis, Web Search",https://chatgpt.com/g/g-CsUnCOA6p-seo-link-insertion-pro
SEO Optimized Landing Page and Website Copywriter,Craft SEO-optimized landing page and website copy primed for high conversion.,delveriselabs.com,4.3,400+,10K+,Writing,,https://chatgpt.com/g/g-cnbRy8bXD-seo-optimized-landing-page-and-website-copywriter
SEO MASTER PRO: SEO Audit + Keywords + Content,â˜…â˜…â˜…â˜…â˜… Most Advanced SEO Tool on GPT Store: Full SEO Audit + SEO Content (with OpenAI API Tokens) + On Page SEO Analysis + Web Scraping + Titles + Descriptions + Keyword Research (from Google API) + Search Intent & Cannibalization Analysis + Internal Links Analysis + WPO + Competitors Analysis,ernestogbustamante.com,3.9,300+,10K+,Research & Analysis,"DALLÂ·E Images, Web Search, Code Interpreter & Data Analysis, Actions
Retrieves or takes actions outside of ChatGPT, Retrieves or takes actions outside of ChatGPT",https://chatgpt.com/g/g-rEd5Ff9tl-seo-master-pro-seo-audit-keywords-content
ë„¤ì´ë²„ ë¸”ë¡œê·¸ ì†¡ë¦¬ë‚˜ ì‘ê°€ ğŸ’› 100% ì‚¬ëŒì²˜ëŸ¼! 11ë…„ ê²½ë ¥ ìƒìœ„ë…¸ì¶œ ë¸”ë¡œê·¸ SEO,"100% ì‚¬ëŒì²˜ëŸ¼ ì”ë‹ˆë‹¤. ì›í´ë¦­ìœ¼ë¡œ ëœë¤ í¬ìŠ¤íŒ… ë¨¼ì € ""ì°ë¨¹"" í•´ ë³´ì„¸ìš”. ğŸ‘‰ ë³¸ê²©ì ìœ¼ë¡œ ë¸”ë¡œê·¸ í¬ìŠ¤íŒ…ì„ ì‹œì‘í•˜ì‹ ë‹¤ë©´, ì›í•˜ì‹œëŠ” ë‚´ìš© í¸í•˜ê²Œ ì ì–´ì£¼ì„¸ìš”! í‚¤ì›Œë“œ, ìƒí˜¸ëª…, ì•ˆë‚´ì‚¬í•­, ê°•ì¡°í•˜ê³  ì‹¶ì€ ì¥ì , ìŠ¤íƒ€ì¼, ì–´ì¡°, ê¸€ì“´ì´ ì‹ ìƒ, ì ì¬ íƒ€ê²Ÿ í˜ë¥´ì†Œë‚˜ ë“± â¤",seorule.kr,4.2,200+,10K+,Writing,DALLÂ·E Images,https://chatgpt.com/g/g-FruGxykUQ-neibeo-beulrogeu-songrina-jagga-100-saramceoreom-11nyeon-gyeongryeog-sangwinocul-beulrogeu-seo
SEO Website Content Writer Assistant,Expert in user specific content creation and optimization. The writer follows top SEO practices and focuses on user engagement and organic traffic improvement,Tanvi Gandhi,4.5,400+,10K+,Writing,,https://chatgpt.com/g/g-iFrZVN3EY-seo-website-content-writer-assistant
SEMrush - On-page SEO Ranking Factors 2024,The SEMrush On-Page URL Optimization Analysis Guide is a cutting-edge tool designed to leverage the browsing and crawling capabilities of GPT for SEO analysis.,L&AS VENTURES,4.0,300+,10K+,Research & Analysis,Web Search,https://chatgpt.com/g/g-BpkfnxCrA-semrush-on-page-seo-ranking-factors-2024
SEO & Blog Writer Pro,"Expert in SEO Content Blog Post Writing and Optimization: Article Wizard, Keyword Suggestions, and Content Audit for SEO Score | 5 Step Content Writer & Generator Wizard with Fully Custom Research-Based Titles, Outline Generator, Content Brief, Custom Keywords & Facts.",topmarketingai.com,4.3,200+,10K+,Writing,"Web Search, Code Interpreter & Data Analysis, Actions
Retrieves or takes actions outside of ChatGPT, Retrieves or takes actions outside of ChatGPT",https://chatgpt.com/g/g-SXDND883j-seo-blog-writer-pro
Semantic SEO Article Outline Generator,Semantic SEO expert crafting detailed article outlines.,Kevin Maguire,4.5,100+,10K+,Writing,"Web Search, Code Interpreter & Data Analysis",https://chatgpt.com/g/g-FITlf2QSK-semantic-seo-article-outline-generator
ğŸ¤–SEO ìµœì í™” ë„¤ì´ë²„ ë¸”ë¡œê·¸ í˜„ì§ ì‡¼í•‘ëª° ëŒ€í‘œì´ì ë¸”ë¡œê·¸ ë§ˆì¼€íŒ… ì „ë¬¸ê°€ê°€ ëŒ€ì‹  ì¨ë“œë ¤ìš”,"ğŸ“Œ""ì˜ˆì‹œ) ìœ¡í¬ì— ê´€í•œ ë¸”ë¡œê·¸ë¥¼ ì‘ì„±í•˜ë ¤ê³ í•´"" ì‚¬ìš©ë²•ì€ ì—„ì²­ ê°„ë‹¨í•©ë‹ˆë‹¤ğŸ“Œì œê°€ í¸í•˜ê²Œ ì“°ë ¤ê³  ê¼¼ê¼¼í•˜ê²Œ ë§Œë“¤ì–´ ë´¤ìŠµë‹ˆë‹¤. ìƒìœ„ ë…¸ì¶œ ë¸”ë¡œê·¸ ê¸€ì„ ì‘ì„±í•˜ì‹œëŠ” ë¶„ê»˜ ìµœì í™”ëœ GPTsì´ë‹ˆ, ì•Œë§ê²Œ í™œìš©í•´ ë³´ì„¸ìš”âœï¸",ì„í¬í›ˆ,4.3,100+,10K+,Writing,,https://chatgpt.com/g/g-QKcnekuxF-seo-coejeoghwa-neibeo-beulrogeu-hyeonjig-syopingmol-daepyoija-beulrogeu-maketing-jeonmungaga-daesin-sseodeuryeoyo
Keyword Planner SEO,"Integrated GPT with authorized search data. You can retrieve real-time search volume, CPC price and related keywords of each keywords. Help with keyword research job like SEO or something. Also could discovery of a specific URL or website.",gotrends.app,4.1,300+,10K+,Productivity,"Code Interpreter & Data Analysis, Web Search, DALLÂ·E Images, Actions
Retrieves or takes actions outside of ChatGPT, Retrieves or takes actions outside of ChatGPT",https://chatgpt.com/g/g-05ju8F8Ts-keyword-planner-seo
Rewrite Article | Keyword-Rich Content,Boost your online presence and attract more customers with copywriting and SEO services from a proficient expert. Get ready to outrank your competition and achieve top search rankings with our human writing style and keyword-rich content.,pedrodias.dev,4.6,100+,10K+,,"DALLÂ·E Images, Web Search, Canvas, 4o Image Generation, Code Interpreter & Data Analysis",https://chatgpt.com/g/g-BCFyj1Xzj-rewrite-article-keyword-rich-content
The Video Content Creator Coach,"A content creator coach aiding in YouTube video content creation, analysis, script writing and storytelling. Designed by a successful YouTuber to help other YouTubers grow their channels.",Mr D Jones,4.6,200+,10K+,Productivity,"Code Interpreter & Data Analysis, DALLÂ·E Images, Web Search, Canvas",https://chatgpt.com/g/g-GsJyObVs7-the-video-content-creator-coach
Translate EXPERT | GPT Content Translator,"Multilingual translation GPT. Translate content and copy for your website or campaign into any language like a native speaker. Translate SEO-optimized web content while preserving HTML tags, maintaining the original style and tone, and more. Start by uploading your text or image.",expertgpttools.com,3.9,200+,10K+,,"Code Interpreter & Data Analysis, DALLÂ·E Images, Web Search",https://chatgpt.com/g/g-7hGd5ReC7-translate-expert-gpt-content-translator
AI Content Generator,"Explore the power of AI content generation. Create unique, engaging, and SEO-friendly content effortlessly with our AI Content Generator.",M&JJ OU,4.1,20+,10K+,,"Web Search, DALLÂ·E Images",https://chatgpt.com/g/g-E8fRQmsPh-ai-content-generator
Local SEO Service Page Outline and Content Builder,*CLICK START* to initialize the GPT! Local SEO service page (landing page) outline/framework and content/copy builder for local businesses created by Norzer!,Ryan McCain,4.6,100+,10K+,,Web Search,https://chatgpt.com/g/g-Y0hiA9ybs-local-seo-service-page-outline-and-content-builder
GPT Zero â€” Humanized AI Content Rewriter,"Rewrite AI content to sound 100% human, natural, and original. Bypass AI detectors, improve clarity, tone, and authenticity for blogs, essays, SEO content, and professional writing.",Khadin Akbar,4.0,100+,10K+,DALLÂ·E,"DALLÂ·E Images, Web Search, Canvas, Code Interpreter & Data Analysis, 4o Image Generation, Actions
Retrieves or takes actions outside of ChatGPT, Retrieves or takes actions outside of ChatGPT",https://chatgpt.com/g/g-6786439fa24c81919660e0152ad5f4f3-gpt-zero-humanized-ai-content-rewriter
Wordtune GPT | Rewrite Text & Improve Copywriting,"The best GPT for copywriters, offering just the right amount of help.",community builder,4.3,100+,10K+,Writing,Web Search,https://chatgpt.com/g/g-KdXhpHTlS-wordtune-gpt-rewrite-text-improve-copywriting
Product Management Interview Expert,"GPT built for PM interviews, covering Analytical, Product Sense, Product Strategy, Estimation and Technical questions. GPT will provide you answers to most asked PM interview questions. Curated by Product Manager - Sri Laxmi.",Sri Laxmi,4.4,200+,10K+,Education,"Web Search, Canvas, 4o Image Generation, Code Interpreter & Data Analysis",https://chatgpt.com/g/g-X9Zal2ygw-product-management-interview-expert
Copywriting Pro,"Whether you need a persuasive sales page, a captivating blog post, or crisp social media content, this AI adapts to your specific needs, delivering tailor-made copy that speaks directly to your audience. Professional to casual, and everything in between.",rocacap.com,4.3,200+,10K+,Writing,"Code Interpreter & Data Analysis, DALLÂ·E Images, Web Search",https://chatgpt.com/g/g-PYM3ptLl1-copywriting-pro
Business Communication Expert GPT,Direct edits in any language,locoassi.com,4.5,100+,10K+,,"Web Search, Code Interpreter & Data Analysis, DALLÂ·E Images",https://chatgpt.com/g/g-mLoWKGvs7-business-communication-expert-gpt
Small Business AI Consultant,"Your small business just got smarter! Follow this guided, step-by-step process to reach your business goals. Access a full executive suite of AI consultants dedicated to helping your business thrive in your unique competitive market.",Stephen J Whitten,4.5,500+,10K+,Productivity,,https://chatgpt.com/g/g-NAwmjscPx-small-business-ai-consultant
Business Writing Assistant,Refines text using insights from Business Writing books.,David Lee,4.4,100+,10K+,,"Web Search, DALLÂ·E Images",https://chatgpt.com/g/g-ui85cbnxN-business-writing-assistant
Business Coach GPT,A world-class coach for Solopreneurs who want to build their one-person businesses.,godofprompt.ai,4.6,500+,10K+,,"Web Search, DALLÂ·E Images",https://chatgpt.com/g/g-k9tj7pbBT-business-coach-gpt
Flyer and Business Card Creator,Designs flyers/cards with visual/text guidance,Terry Smith,2.9,700+,10K+,DALLÂ·E,"Web Search, DALLÂ·E Images, Code Interpreter & Data Analysis",https://chatgpt.com/g/g-AAPGbH5jl-flyer-and-business-card-creator
Business Proposal Generator,Expert in crafting detailed business proposals,Adewale S Badiru,4.4,500+,10K+,,"Code Interpreter & Data Analysis, DALLÂ·E Images, Web Search",https://chatgpt.com/g/g-UXEaoQgOw-business-proposal-generator
Business Model Canvas Strategist,Business Model Canvas Creator - Build and evaluate your business model,Leading Knowledge Ltd.,4.3,900+,10K+,Productivity,,https://chatgpt.com/g/g-lM6dmUVQm-business-model-canvas-strategist
"AI Writer, Content Generator","Explore the best AI writer for all your content needs. Your one-stop solution for generating high-quality, engaging copywriting and content creation.",M&JJ OU,4.5,6,10K+,,,https://chatgpt.com/g/g-K1zvmADVv-ai-writer-content-generator
Visionary Business Coach,A vision-based business coach specializing in plan creation and strategy refinement.,Timelock Film AB,4.5,300+,10K+,,,https://chatgpt.com/g/g-SOQdsiT3I-visionary-business-coach
Marketing RRSS - Magenta Consultores,Asistente de marketing en redes sociales para pequeÃ±os y medianos negocios.,ANEL MARTINEZ PERALES,4.1,30+,10K+,Productivity,"Web Search, Code Interpreter & Data Analysis",https://chatgpt.com/g/g-QGvUzGO0Q-marketing-rrss-magenta-consultores
Coach Ludo SEO,Je suis un assistant SEO proposÃ© par Ludo Salenne de YouTube.,SLN WEB,4.5,100+,10K+,Writing,"Code Interpreter & Data Analysis, DALLÂ·E Images, Web Search",https://chatgpt.com/g/g-ufKbOtrd0-coach-ludo-seo
Backend API Python/ Django/ Django REST Framework,"Expert in Python, Django, and backend API development",NGO MINH QUYEN,4.3,200+,10K+,,"Web Search, DALLÂ·E Images",https://chatgpt.com/g/g-GnSK450JC-backend-api-python-django-django-rest-framework
Python GPT by Whitebox,Python made easy. Maintained by Whitebox at https://github.com/Decron/Whitebox-Code-GPT,James Donovan,4.3,50+,10K+,,,https://chatgpt.com/g/g-c188mmoYi-python-gpt-by-whitebox
Research Paper Evaluation Framework,"Please submit your working paper along with the following prompt to receive a comprehensive evaluation based on Alex Edmans' ""Learnings from 1000 Rejections""",Jukka Sihvonen,4.5,200+,10K+,Research & Analysis,Web Search,https://chatgpt.com/g/g-6736e9f1080481909d1601dea84bb156-research-paper-evaluation-framework
Ecommerce Product Research Expert,Ecommerce research expert,Keng Hua Liu,4.4,300+,10K+,Research & Analysis,,https://chatgpt.com/g/g-shKTK3C4p-ecommerce-product-research-expert
Endocrinologist (Research),"Researches hormonal disorders, advances treatments, and publishes findings to shape endocrinology practices.",cureai.co.uk,4.9,100+,10K+,,DALLÂ·E Images,https://chatgpt.com/g/g-QTq1sZPYg-endocrinologist-research
Academic Research Reviewer | Yepa Research,Academic Research Reviewer for Operational Research Reports,Gianluca Lammino,4.3,300+,10K+,,,https://chatgpt.com/g/g-9QeaTa5HK-academic-research-reviewer-yepa-research
Research and Methodology Assistant,Assists with research proposals and thesis development for master's and doctoral students.,Paulo AndrÃ©s Romero,4.5,300+,10K+,Research & Analysis,"Web Search, DALLÂ·E Images",https://chatgpt.com/g/g-2N5CCbz69-research-and-methodology-assistant
Midpage Legal Research,"Midpage deep research agent for legal research on US primary law. Subscription required, at app.midpage.ai. Start with the free trial.",community builder,4.5,100+,10K+,Research & Analysis,"Web Search, Canvas, Code Interpreter & Data Analysis, Actions
Retrieves or takes actions outside of ChatGPT, Retrieves or takes actions outside of ChatGPT",https://chatgpt.com/g/g-VFIECK6PE-midpage-legal-research
Market Research and Trends Analyst,"Market research expert, offering tailored insights and trends analysis",publicityport.com,4.4,600+,10K+,Research & Analysis,"Web Search, DALLÂ·E Images",https://chatgpt.com/g/g-hpFSt1lgj-market-research-and-trends-analyst
AI and Genealogy Research GPT,"Explores how AI can assist in genealogical research, family tree analysis, and uncovering ancestry information. Genealogy, å®¶è°±å­¦, à¤µà¤‚à¤¶à¤¾à¤µà¤²à¥€, genealogÃ­a, gÃ©nÃ©alogie, Ø¹Ù„Ù… Ø§Ù„Ø£Ù†Ø³Ø§Ø¨, à¦¬à¦‚à¦¶à¦¾à¦¨à§à¦•à§à¦°à¦®, Ğ³ĞµĞ½ĞµĞ°Ğ»Ğ¾Ğ³Ğ¸Ñ, genealogia, Ø¹Ù„Ù… Ù†Ø³Ø¨, silsilah keluarga, Genealogie, ç³»è­œå­¦, ê³„ë³´í•™, à®µà®®à¯à®šà®¾à®µà®²à®¿, à°µà°‚à°¶à°µà±ƒà°•à±à°·à°‚, Ø´Ø¬Ø±Ù‡â€ŒÙ†Ø§Ù…Ù‡",Michael Prusnofsky,3.9,300+,10K+,Research & Analysis,"DALLÂ·E Images, Web Search",https://chatgpt.com/g/g-uDKLndwM2-ai-and-genealogy-research-gpt
Research AI (Premium),Created by Researchers for Researchers and Academia,Giorgi Tumanishvili,4.5,50+,10K+,Research & Analysis,"Web Search, DALLÂ·E Images, Code Interpreter & Data Analysis, Canvas, 4o Image Generation",https://chatgpt.com/g/g-MXhmyKNux-research-ai-premium
Research Paper Writer,Helps write accessible science and tech papers.,community builder,4.2,200+,10K+,,"DALLÂ·E Images, Web Search",https://chatgpt.com/g/g-6QlvXacCl-research-paper-writer
Academic Researcher,"Your go-to for scholarly research, providing in-depth, data-backed insights in a formal tone. Specialized in citing credible sources and delivering structured responses for academic discourse, it mirrors the precision of a meticulous researcher, ideal for compiling into scholarly PDFs.",juanbeltran.ch,4.3,200+,10K+,,"Code Interpreter & Data Analysis, DALLÂ·E Images, Web Search, Canvas, Actions
Retrieves or takes actions outside of ChatGPT, Retrieves or takes actions outside of ChatGPT",https://chatgpt.com/g/g-t8Qe4P5HU-academic-researcher
STL File Creator + Researcher + Advanced Modeling,Simplifies 3D model creation with basic Python tools and precise research.,oren segal,2.8,400+,10K+,DALLÂ·E,"Web Search, Code Interpreter & Data Analysis, DALLÂ·E Images",https://chatgpt.com/g/g-CARLmWfte-stl-file-creator-researcher-advanced-modeling
Research Questions Generator,Expert AI research question assistant.,Sadia Afrin Purba,4.4,100+,10K+,,"DALLÂ·E Images, Web Search, Code Interpreter & Data Analysis",https://chatgpt.com/g/g-2hbKBjlz3-research-questions-generator
Operations Research / Linear Programming Solver,"Uses Operations Research techniques in Microsoft Excel's Solver function (Simplex Method and sometimes GRG Non-linear) to set up and solve Integer Programming, Fixed Charge, Goal Programming, Non-Linear Programming etc type problems",Siva Cidambaram,3.8,300+,10K+,Research & Analysis,"Code Interpreter & Data Analysis, Web Search",https://chatgpt.com/g/g-BZSpZiSt1-operations-research-linear-programming-solver
Tailor-made Market Research Reports,"Tell me about your company/project and I return a tailor-made market research report. Once the structure is provided, you can ask a deep dive on specific sections of the report.",PROG VENTURES,4.3,500+,10K+,Research & Analysis,Code Interpreter & Data Analysis,https://chatgpt.com/g/g-6MGUr0PQc-tailor-made-market-research-reports
Business Plan Builder,Creates and validates data-driven business plans.,Dhanraj,4.3,200+,10K+,Productivity,"Code Interpreter & Data Analysis, Web Search, 4o Image Generation",https://chatgpt.com/g/g-HyzCxtDFK-business-plan-builder
Pine Script Coding AI for TradingView,AI Pine Script Strategy Code Generator For TradingView Strategies or Indicators,aiautomationschool.com,3.4,200+,10K+,Programming,"Web Search, Canvas, Code Interpreter & Data Analysis, Actions
Retrieves or takes actions outside of ChatGPT, Retrieves or takes actions outside of ChatGPT",https://chatgpt.com/g/g-OXOlvEXNy-pine-script-coding-ai-for-tradingview
Coding Interview Coach,"AI Coding Interview Coach: algorithms & data structures, system design & machine learning expert. Prepare for FAANG SDE & AI Engineering interviews. Ace Google, Meta (Facebook), Amazon, Apple, Netflix, Stripe, OpenAI, etc coding interviews.",community builder,4.5,200+,10K+,Programming,,https://chatgpt.com/g/g-FKowQFKRU-coding-interview-coach
pythonä»£ç ä¸“å®¶,ç”Ÿæˆè¯¦ç»†ä¸­æ–‡æ³¨é‡Šçš„ä¸“ä¸šPythonä»£ç ,Tianhao Wu,4.3,100+,10K+,Programming,Code Interpreter & Data Analysis,https://chatgpt.com/g/g-96yGePWce-pythondai-ma-zhuan-jia
SEO,Expert in optimizing content to boost search engine visibility and rankings.,writer-gpt.com,4.3,100+,10K+,Writing,"Web Search, DALLÂ·E Images, Code Interpreter & Data Analysis",https://chatgpt.com/g/g-1rktc6CK9-seo
SEO: Product and Category Description and Metatags,"SEO-focused assistant for online store content, specializing in product/category descriptions.",Dawid Krawczyk,4.4,100+,10K+,,,https://chatgpt.com/g/g-wm7JGeujp-seo-product-and-category-description-and-metatags
Database Expert,"Advanced database engineer: schema design, SQL queries, data normalization, and database optimization. Works with multiple database management systems (DBMS) like PostgreSQL, MySQL, SQLite, MongoDB, BigQuery, Oracle and others.",Widenex,4.3,400+,10K+,Programming,,https://chatgpt.com/g/g-APOG2XdUz-database-expert
CloudflareGPT,"Expert in Cloudflare services, offering up-to-date tech support and security guidance.",1yt.in,4.4,200+,10K+,,"Code Interpreter & Data Analysis, DALLÂ·E Images, Web Search",https://chatgpt.com/g/g-VtRVh7QLz-cloudflaregpt
Word Cloud Generator,I create word clouds highlighting the most frequent words in your text or files.,aitoolhunt.com,3.7,300+,10K+,Research & Analysis,"Code Interpreter & Data Analysis, DALLÂ·E Images, Web Search",https://chatgpt.com/g/g-iQTZ5Z3jz-word-cloud-generator
Google Cloud Guide,Google Cloud guide and troubleshooter,beamosearch.com,4.4,200+,10K+,Productivity,,https://chatgpt.com/g/g-kjqMRhgXP-google-cloud-guide
Commerce Cloud Guru,Professional voice for SFCC B2C Commerce Cloud expertise. ğŸ”’ Unlock the full potential of B2C Commerce Cloud,Jonatan Jumbert Aviles,4.0,40+,10K+,,"Code Interpreter & Data Analysis, Web Search",https://chatgpt.com/g/g-rF0hTZFZS-commerce-cloud-guru
SOC Security Analyst,Analyzes security Payload for threats vs. false positives,gpts.roylive.com,4.4,100+,10K+,Research & Analysis,"Code Interpreter & Data Analysis, Web Search",https://chatgpt.com/g/g-PGnWtvcGF-soc-security-analyst
Cyber Security Specialist,"ğŸ” Meet the Cyber Security Specialist GPT! ğŸŒ Your go-to digital expert for all things cybersecurity. ğŸ›¡ï¸ Whether you're looking to fortify your digital defenses, understand the latest in encryption, or stay ahead of cyber threats, this AI-powered specialist is here to guide you.",PHANI CHANDRA SEKHA,4.5,100+,10K+,Research & Analysis,,https://chatgpt.com/g/g-JyAVOswRu-cyber-security-specialist
Cyber Security Expert,"Cyber security, information security, data security, cyber law expert",HUMANA Srl,4.5,100+,10K+,,"DALLÂ·E Images, Code Interpreter & Data Analysis, Web Search",https://chatgpt.com/g/g-HrinFBiaf-cyber-security-expert
CompTIA Security+ Exam Prep Pro,Complete CompTIA Security+ exam prep with full-length mock exams & learning aids!,Secret Letters,4.7,300+,10K+,Education,,https://chatgpt.com/g/g-YGR1fAuBu-comptia-security-exam-prep-pro
NIST Cyber Security Assistant,Cybersecurity Analyst specialized in the NIST Framework,Daniel Garza,4.4,100+,10K+,Research & Analysis,"Web Search, Code Interpreter & Data Analysis, Canvas",https://chatgpt.com/g/g-AInhlHTZG-nist-cyber-security-assistant
DevOps Expert,Your DevOps Assistant,Dmitry Khanukov,4.4,90+,10K+,Programming,,https://chatgpt.com/g/g-12DKj6Wax-devops-expert
Azure DevOps Engineer,"Azure DevOps Engineer with expertise in YAML, Azure Repos/Pipelines, Azure CLI",Derrick Edward,4.3,100+,10K+,Programming,"Web Search, Code Interpreter & Data Analysis",https://chatgpt.com/g/g-rfTHaezCZ-azure-devops-engineer
Aptitude Testing AI,Helps solve intelligence test questions from text and screenshots.,Malkia Consulting GmbH,3.8,50+,10K+,,,https://chatgpt.com/g/g-GLjifuIGU-aptitude-testing-ai
UI UX Mastermind,"Guides you in mastering the finer points of UX/UI design to deliver powerful, user-centric experiences.",community builder,4.1,200+,10K+,Education,"Web Search, DALLÂ·E Images, Code Interpreter & Data Analysis",https://chatgpt.com/g/g-C95YPwP06-ui-ux-mastermind
SinestesIA Web / ECOM,Asistente de UX writing para sitios web de EspaÃ±a,community builder,4.1,20+,10K+,Writing,,https://chatgpt.com/g/g-ZjmEseHc7-sinestesia-web-ecom
ğŸ”¥ Website Roast GPT ğŸ”¥,Laat je copy en design van je homepage of landingspagina roasten! Meer dan 10.000 websites gingen je voor.,Martin van Kranenburg,4.1,100+,10K+,Writing,,https://chatgpt.com/g/g-ydTDelmut-website-roast-gpt
"PubMed, Web of Science, & UPDF Navigator","Expert in research, PDF editing, illustration, data analysis, referencing, and export.",shan jing,4.2,100+,10K+,,"DALLÂ·E Images, Web Search",https://chatgpt.com/g/g-UmGneqeOD-pubmed-web-of-science-updf-navigator
"ì›¹íˆ° ìŠ¤í† ë¦¬, ìºë¦­í„°, ì´ë¯¸ì§€ë¥¼ í•œë²ˆì— ë§Œë“¤ê¸°-WebToon ì „ë¬¸ ai ì‘ê°€","ì›¹íˆ° ìŠ¤í† ë¦¬ì™€ ì¼ê´€ëœ ìºë¦­í„° ì´ë¯¸ì§€ë¥¼ ìƒì„±, ìºë¦­í„° ê³ ì • ê¸°ëŠ¥ìœ¼ë¡œ ìŠ¤í† ë¦¬ì— ë§ëŠ” ì´ë¯¸ì§€ ì œê³µ. ì•„ì´ë””ì–´ ë°œì „ì„ ë„ì™€ë“œë ¤ìš”! --ìºë¦­í„° ê³ ì • ë°©ë²•ì€ ë‹¤ìŒê³¼ ê°™ìŠµë‹ˆë‹¤. ê³ ì •í•˜ê³  ì‹¶ì€ ë“±ì¥ì¸ë¬¼ì„ ì§€ì •í•œ ë‹¤ìŒ 'í•´ë‹¹ ë“±ì¥ì¸ë¬¼ ê³ ì •[ìºë¦­í„°ì´ë¦„]'ì„ ì…ë ¥í•˜ì„¸ìš”. í•´ë‹¹ ìºë¦­í„°ëŠ” ì§€ì •í•œ[ìºë¦­í„°ì´ë¦„]ìœ¼ë¡œ ì§„í–‰ë˜ëŠ” ìŠ¤í† ë¦¬ì—ì„œ ê³„ì† ë“±ì¥ì¸ë¬¼ë¡œ í™œìš©í•  ìˆ˜ ìˆì–´ìš”. ver.17",GPT Store Lab,3.7,600+,10K+,Productivity,,https://chatgpt.com/g/g-orNkLRnKb-webtun-seutori-kaerigteo-imijireul-hanbeone-mandeulgi-webtoon-jeonmun-ai-jagga
Website Audit,Get UI/UX and content recommendations and optimise your website conversion rates. Enter your website URL to begin your audit.,flowpoint-analytics.ai,4.1,200+,10K+,Research & Analysis,"Code Interpreter & Data Analysis, Web Search, Actions
Retrieves or takes actions outside of ChatGPT, Retrieves or takes actions outside of ChatGPT",https://chatgpt.com/g/g-sNVZT6oAU-website-audit
Dark Web GPT,"Specialized in dark web insights, focusing on security, legality, and ethics.",James Styler,4.0,20+,10K+,,"DALLÂ·E Images, Web Search",https://chatgpt.com/g/g-nIZZzIkPU-dark-web-gpt
Web Hacking Wizard,Engagingly clarifies web security topics with interactive questions.,Alexander Hagenah,4.4,90+,10K+,,,https://chatgpt.com/g/g-Op6Btk7ev-web-hacking-wizard
Recherche Web,"Le prompt ""Recherche Web"" est conÃ§u pour effectuer des recherches approfondies et fournir des rÃ©ponses dÃ©taillÃ©es et bien documentÃ©es sur une variÃ©tÃ© de sujets",AP NOTAIRES,3.9,40+,10K+,Research & Analysis,"Web Search, DALLÂ·E Images",https://chatgpt.com/g/g-ibFYp0Shj-recherche-web
AI Advantage Web Designer,"Designs and improves website layouts for optimal user experience, requiring knowledge of design and web technologies.",@TheAIAdvantage,3.8,200+,10K+,Programming,,https://chatgpt.com/g/g-OoRI36Lnt-ai-advantage-web-designer
MTL Webnovels,Translating Chinese & Korean Webnovels,Deculein,4.1,20+,10K+,Writing,,https://chatgpt.com/g/g-fy2Bvbaou-mtl-webnovels
Dark Web Explorer,Direct and factual web content analyzer.,Toscani,3.7,50+,10K+,,"DALLÂ·E Images, Web Search, Code Interpreter & Data Analysis",https://chatgpt.com/g/g-WKCqCx1FT-dark-web-explorer
Website ğŸ”´INSTANTLYğŸ”´,"Create & Host ğŸ”´REALğŸ”´ Websites. Cool dark themes, color selection and more.",blocksandarrows.com,4.0,400+,10K+,Programming,"Actions
Retrieves or takes actions outside of ChatGPT, Retrieves or takes actions outside of ChatGPT",https://chatgpt.com/g/g-v63dhDm2b-website-instantly
Real Estate Law Advisor,Advises on legal aspects of real estate transactions and disputes.,Organizational.AI,4.7,200+,10K+,,"Code Interpreter & Data Analysis, Web Search",https://chatgpt.com/g/g-amPn2mtg9-real-estate-law-advisor
AI Assistant for Real Estate Agents,AI Real Estate Assistant for operations automation and enhancement,gpcg.ai,4.6,100+,10K+,Productivity,"Web Search, DALLÂ·E Images, 4o Image Generation, Canvas, Code Interpreter & Data Analysis",https://chatgpt.com/g/g-mXfpIUxW7-ai-assistant-for-real-estate-agents
Webnovel Translator,"Translates Korean webnovels directly, without summarizing.",ANURAG SINGH,4.4,10+,10K+,Writing,,https://chatgpt.com/g/g-awKEvNx6a-webnovel-translator
Ecommerce GPT,Shopify expert providing detailed guidance and troubleshooting.,hdcxenterprises.com,4.6,300+,10K+,,"Code Interpreter & Data Analysis, Web Search, DALLÂ·E Images",https://chatgpt.com/g/g-DMwhHoxVW-ecommerce-gpt
Assistente Legale I.A. non sono un Avvocato Umano,"Assistente Legale Virtuale con I.A., per orientamento preliminare su temi di giustizia e diritto italiano. Offre informazioni su ambiti penale, civile, familiare, abitazioni, tributario e costituzionale. Non Ã¨ un avvocato umano. Utile anche per studi legali e professionisti del diritto in Italia.",Gaetano Battaglia,3.9,100+,10K+,Education,"DALLÂ·E Images, Web Search, 4o Image Generation, Canvas",https://chatgpt.com/g/g-QmqHyKVuj-assistente-legale-i-a-non-sono-un-avvocato-umano
AI Legal Counsel,"AI legal assistant specializing in legal research, legal writing, text review, and general legal consultation.",KIPEUM LEE,4.4,200+,10K+,Research & Analysis,"Web Search, DALLÂ·E Images, Canvas, Code Interpreter & Data Analysis, 4o Image Generation",https://chatgpt.com/g/g-Dca5rwCKC-ai-legal-counsel
Legal GPT,"LegalGPT Assistant: Multilingual Support for Navigating Global Legislation â€“ Assisting with Legal Queries, Contract Drafting, and Case Resolution",VENTSISLAV ASPARUHOV,4.3,90+,10K+,Productivity,"Web Search, Canvas",https://chatgpt.com/g/g-jxqQ0lepc-legal-gpt
AI in Law and Legal Analysis GPT,"Explores how AI assists in legal research, contract analysis, and predicting legal outcomes. Law, æ³•å¾‹, à¤•à¤¼à¤¾à¤¨à¥‚à¤¨, ley, loi, Ø§Ù„Ù‚Ø§Ù†ÙˆÙ†, à¦†à¦‡à¦¨, Ğ·Ğ°ĞºĞ¾Ğ½, lei, Ù‚Ø§Ù†ÙˆÙ†, hukum, Gesetz, æ³•å¾‹, ë²•, à®šà®Ÿà¯à®Ÿà®®à¯, à°šà°Ÿà±à°Ÿà°‚, à¤•à¤¾à¤¯à¤¦à¤¾, à¨•à¨¾à¨¨à©‚à©°à¨¨, Ù‚Ø§Ù†ÙˆÙ†, luáº­t",Michael Prusnofsky,4.5,200+,10K+,Research & Analysis,"Web Search, DALLÂ·E Images",https://chatgpt.com/g/g-NrmW3in6W-ai-in-law-and-legal-analysis-gpt
LegalGPT,"Comprehensive legal assistant with extensive knowledge and ethical guidelines. If required, consult with a physical legal professional.",Adam Engelbrecht,4.5,200+,10K+,,"Web Search, Code Interpreter & Data Analysis",https://chatgpt.com/g/g-VqnELc4wa-legalgpt
Contract / Legal Document Writers,"Team of experts in contract writing, focusing on clarity and precision.",aiia.club,4.4,600+,10K+,Productivity,,https://chatgpt.com/g/g-Y3GfZ9ckc-contract-legal-document-writers
Philippine Legal Assistant â­â­â­â­â­,"Legal drafting and research tool for Philippine law students, paralegals, and professionals. It helps generate pleadings, research laws and jurisprudence, and suggest legal strategiesâ€”all based on Philippine legal standards.",Paulo Cabalatungan,4.7,30+,10K+,Research & Analysis,"Web Search, DALLÂ·E Images, Code Interpreter & Data Analysis, Canvas, 4o Image Generation",https://chatgpt.com/g/g-Hvr0CXWKW-philippine-legal-assistant
Asesor Legal de Argentina,ConfecciÃ³n de escritos y consultas de todas las ramas del derecho argentino. No asesora profesionalmente.,Cicerchia Fernando,4.1,70+,10K+,Productivity,"Web Search, Canvas, Code Interpreter & Data Analysis",https://chatgpt.com/g/g-QUlgI0ox2-asesor-legal-de-argentina
"California Legal, Law & Contracts (no real lawyer)","Legal information assistant for California. Provides general information on California law and explains legal concepts, but does not replace consultation with a licensed attorney. Los Angeles, San Diego, San Jose, San Francisco.",ailegalalliance.com,4.6,100+,10K+,,"DALLÂ·E Images, Web Search, Canvas",https://chatgpt.com/g/g-67c4cdb4cad48191aa11e2ba211364f5-california-legal-law-contracts-no-real-lawyer
"Texas Legal, Law & Contracts (no real lawyer)","Legal information assistant for Texas. Provides general information on Texas law and explains legal concepts, but does not replace consultation with a licensed attorney. Dallas, Fort Worth, Austin, El Paso.",ailegalalliance.com,4.4,70+,10K+,,"DALLÂ·E Images, Web Search, Canvas",https://chatgpt.com/g/g-67c4cf0bee048191912e844c1874aec5-texas-legal-law-contracts-no-real-lawyer
"Florida Legal, Law & Contracts (no real lawyer)","Legal information assistant for Florida. Provides general information on Florida law and explains legal concepts, but does not replace consultation with a licensed attorney. Jacksonville, Miami, Tampa, Orlando.",ailegalalliance.com,4.7,50+,10K+,,"DALLÂ·E Images, Web Search, Canvas",https://chatgpt.com/g/g-67c4cfd70de481919d2a2ea67b84e7bc-florida-legal-law-contracts-no-real-lawyer
Jenni.AI - Academic Writing Assistant,A scientific research writing assistant modeled after Jenni.ai with high-lexical academic tone,Peter Oyefolu,4.4,300+,10K+,Writing,"Web Search, Canvas, 4o Image Generation, Code Interpreter & Data Analysis",https://chatgpt.com/g/g-6812f1791a0c81919f66d2cc4e1f74ab-jenni-ai-academic-writing-assistant
Novel Writing Master (Jan2026),"A masterful novel-writing assistant providing comprehensive support, from brainstorming and character development to writing, editing, and world-building. (Updated Dec 14, 2025)",Joshua Roberts,4.4,600+,10K+,Writing,"Web Search, Code Interpreter & Data Analysis, Canvas, DALLÂ·E Images, 4o Image Generation",https://chatgpt.com/g/g-nRSsRX7XY-novel-writing-master-jan2026
News Article Writing,Writing and Editing News Articles using the ABCs of Journalism,Isaac March,4.1,100+,10K+,Writing,"Web Search, Canvas, Code Interpreter & Data Analysis, DALLÂ·E Images, 4o Image Generation",https://chatgpt.com/g/g-RBAwYZyRW-news-article-writing
Social Work Writing Assistant,Assists social workers in writing polished reports.,Mark Crawford,4.6,100+,10K+,,"Web Search, DALLÂ·E Images, Code Interpreter & Data Analysis",https://chatgpt.com/g/g-fKAodY8Nh-social-work-writing-assistant
Executive Writing,"Clear, concise executive writing for quick comprehension.",Daniel Carpenter,4.3,100+,10K+,Writing,,https://chatgpt.com/g/g-SToNeBHQr-executive-writing
OET Writing Coach,Paste your writing task in and send. or ask for specific help you need! https://ko-fi.com/dr_sriharshaguttikonda - if you like this GPT! Can you buy me a coffee? these nightshifts are killing me!,Dr. Sri Harsha Guthikonda,4.8,90+,10K+,Writing,Web Search,https://chatgpt.com/g/g-89wC3dyCJ-oet-writing-coach
High Quality Story Writing Type Third Person,"Write stories with a heavy focus on emotions, dialog and sensations",community builder,4.6,70+,10K+,Writing,DALLÂ·E Images,https://chatgpt.com/g/g-6fxa24hQs-high-quality-story-writing-type-third-person
Academic Writing Assistant,An assistant for academic paper writing and formatting.,community builder,4.1,100+,10K+,,"Web Search, DALLÂ·E Images",https://chatgpt.com/g/g-PATOLRHto-academic-writing-assistant
Writing Feedback Pro,"Adaptive, supportive assistant for personalized writing feedback.",Jeremy Caplan,4.5,100+,10K+,Writing,"Web Search, DALLÂ·E Images",https://chatgpt.com/g/g-HKCy2OyzV-writing-feedback-pro
Academic Writing Helper,"Assist in academic paper writing, following IEEE style.",whose.cat,4.2,200+,10K+,,"Code Interpreter & Data Analysis, DALLÂ·E Images, Web Search",https://chatgpt.com/g/g-6aamfApM4-academic-writing-helper
Copy Writing Ai,"A cutting-edge AI designed for copywriting, adept at crafting persuasive, SEO-friendly content, efficient in various styles and tones, ideal for marketing, blogs, and social media. Creative, user-friendly, and time-saving.",community builder,4.4,100+,10K+,,,https://chatgpt.com/g/g-J7O7qsx9p-copy-writing-ai
Army Writing Assistant,"Guide for OERs, NCOERs, awards, and memorandums in Army writing style.",Preston Dihle,4.6,100+,10K+,Writing,,https://chatgpt.com/g/g-CMHnfp9Ql-army-writing-assistant
Research Paper Generator,Expert assistant for writing academic research papers.,studyx.ai,4.1,70+,10K+,,"Web Search, Code Interpreter & Data Analysis, DALLÂ·E Images",https://chatgpt.com/g/g-GmyDFzpNC-research-paper-generator
Research Assistant,An academic assistant helping you understand the latest papers and perform optimized paper research.,Valentina Gualtieri,4.1,90+,10K+,,"Code Interpreter & Data Analysis, DALLÂ·E Images, Web Search",https://chatgpt.com/g/g-xJPJGgLvv-research-assistant
Deep Learning,"ğŸ”µ The most advanced, sophisticated, intelligent, and complete Deep Learning expert.",Widenex,4.4,200+,10K+,Programming,,https://chatgpt.com/g/g-sHR6AdNlS-deep-learning
Japanese Language Learning Helper & Tutor,Get help learning the Japanese language through targeted tutoring!,John J Forsman,4.5,100+,10K+,Education,,https://chatgpt.com/g/g-2X3MmVlq9-japanese-language-learning-helper-tutor
The Somali Language and Learning GPT,Versatile GPT showcasing a range of capabilities for Somali language learning with interactive exercises.,Osman Mohamed,3.9,8,10K+,Education,Web Search,https://chatgpt.com/g/g-bwioPZ8CL-the-somali-language-and-learning-gpt
Interior Designer,"Meet your AI Interior Designer. I will help you redesign and improve any place in your house, providing you with numerous design ideas. Then I will generate images so you can visualize my different recommendations.",Spaces,3.3,300+,10K+,Lifestyle,"DALLÂ·E Images, Web Search",https://chatgpt.com/g/g-TgbPCmOBR-interior-designer
Graphic Design AI Bot,"WE AND THE COLOR's AI Bot is your personal graphic designer offering expert tips on typography, color palettes, branding, UX/UI, and social media design. Get creative ideas, trend insights, and generate custom image prompts for logos, posters, and more.",Dirk Petzold,3.8,200+,10K+,DALLÂ·E,"DALLÂ·E Images, Web Search, Canvas, Code Interpreter & Data Analysis, 4o Image Generation",https://chatgpt.com/g/g-6807737782308191b3ce3411b6b88e61-graphic-design-ai-bot
Design Social Media Posts,"AI social media post designer for Instagram and Facebook. Create full-editable designs for Instagram and Facebook in a single click. Customize your brand, colors, fonts, and logos and publish directly to your social media accounts.",galil.ai,3.3,200+,10K+,Productivity,"Actions
Retrieves or takes actions outside of ChatGPT, Retrieves or takes actions outside of ChatGPT, Web Search",https://chatgpt.com/g/g-L3dQcRjva-design-social-media-posts
Visual Design GPT âœ… âŒ,"A resource for visual designers, ""Principles and Pitfalls"" details how to make impactful visual designs and avoid missteps.",Jason Csizmadi,3.7,100+,10K+,,"DALLÂ·E Images, Code Interpreter & Data Analysis, Web Search",https://chatgpt.com/g/g-0u2hbZmnm-visual-design-gpt
Tik SEO Tok Video titles and #hashtags,"Review and Refine: After I provide you with a suggested title and up to five targeted hashtags, you have the opportunity to review them. If they donâ€™t quite meet your expectations or fit your video perfectly, you can tell me what adjustments you need.",yeparesearch.com,4.3,100+,10K+,Research & Analysis,"Actions
Retrieves or takes actions outside of ChatGPT, Retrieves or takes actions outside of ChatGPT, Web Search, DALLÂ·E Images",https://chatgpt.com/g/g-WM96saDn3-tik-seo-tok-video-titles-and-hashtags