Growth Bucket,Sub-Category,Task / Solution
"Lead Generation (Marketing, SEO & Social )",Content & Social Media,Generate social media posts captions & hooks
"Lead Generation (Marketing, SEO & Social )",Content & Social Media,Create AI product photography & video ads
"Lead Generation (Marketing, SEO & Social )",Content & Social Media,Build a personal brand on LinkedIn/Twitter
"Lead Generation (Marketing, SEO & Social )",Content & Social Media,Repurpose content for maximum reach
"Lead Generation (Marketing, SEO & Social )",Content & Social Media,Spot trending topics & viral content ideas
"Lead Generation (Marketing, SEO & Social )",SEO & Organic Visibility,Get more leads from Google & website (SEO)
"Lead Generation (Marketing, SEO & Social )",SEO & Organic Visibility,Google Business Profile visibility
"Lead Generation (Marketing, SEO & Social )",SEO & Organic Visibility,Improve Google Business Profile leads
"Lead Generation (Marketing, SEO & Social )",SEO & Organic Visibility,Write SEO Keyword blogs and landing pages
"Lead Generation (Marketing, SEO & Social )",SEO & Organic Visibility,Write product titles that rank SEO
"Lead Generation (Marketing, SEO & Social )",SEO & Organic Visibility,Ecommerece Lisitng SEO + upsell bundles
"Lead Generation (Marketing, SEO & Social )",Paid Media & Ads,Generate high-converting ad copy & visuals
"Lead Generation (Marketing, SEO & Social )",Paid Media & Ads,Auto-optimize campaigns to boost ROAS
"Lead Generation (Marketing, SEO & Social )",Paid Media & Ads,Find winning audiences & keywords
"Lead Generation (Marketing, SEO & Social )",Paid Media & Ads,Audit ad spend & spot wasted budget
"Lead Generation (Marketing, SEO & Social )",Paid Media & Ads,Spy on competitor ads & offers
"Lead Generation (Marketing, SEO & Social )",B2B Lead Generation,Find decision-maker emails & LinkedIn profiles
"Lead Generation (Marketing, SEO & Social )",B2B Lead Generation,Generate hyper-personalized cold outreach sequences
"Lead Generation (Marketing, SEO & Social )",B2B Lead Generation,Identify target companies by tech stack & intent
"Lead Generation (Marketing, SEO & Social )",B2B Lead Generation,Score & prioritize leads by ICP match
"Lead Generation (Marketing, SEO & Social )",B2B Lead Generation,Automate LinkedIn connection & engagement
"Sales & Retention (Calling , Support & Expansion)",Sales Execution & Enablement,Selling on WhatsApp/Instagram
"Sales & Retention (Calling , Support & Expansion)",Sales Execution & Enablement,Speed up deal closure with faster contract review
"Sales & Retention (Calling , Support & Expansion)",Sales Execution & Enablement,Chat with past campaigns and assets
"Sales & Retention (Calling , Support & Expansion)",Lead Management & Conversion,Qualify & route leads automatically (AI SDR)
"Sales & Retention (Calling , Support & Expansion)",Lead Management & Conversion,Lead Qualification Follow Up & Conversion
"Sales & Retention (Calling , Support & Expansion)",Lead Management & Conversion,Reduce missed leads with faster replies
"Sales & Retention (Calling , Support & Expansion)",Lead Management & Conversion,Find why customers don’t convert
"Sales & Retention (Calling , Support & Expansion)",Lead Management & Conversion,Understanding why customers don’t convert
"Sales & Retention (Calling , Support & Expansion)",Customer Success & Reputation,Improve reviews and response quality
"Sales & Retention (Calling , Support & Expansion)",Customer Success & Reputation,Call Chat & Ticket Intelligence
"Sales & Retention (Calling , Support & Expansion)",Customer Success & Reputation,Improve retention and reduce churn
"Sales & Retention (Calling , Support & Expansion)",Customer Success & Reputation,Churn & retention insights
"Sales & Retention (Calling , Support & Expansion)",Customer Success & Reputation,Support SLA dashboard
"Sales & Retention (Calling , Support & Expansion)",Customer Success & Reputation,Call/chat/ticket intelligence insights
"Sales & Retention (Calling , Support & Expansion)",Customer Success & Reputation,Review sentiment + issue detection
"Sales & Retention (Calling , Support & Expansion)",Repeate Sales,Upsell/cross‑sell recommendations
"Sales & Retention (Calling , Support & Expansion)",Repeate Sales,Create upsell/cross-sell messaging
"Sales & Retention (Calling , Support & Expansion)",Repeate Sales,Improve order experience to boost repeats
"Business Strategy (Intelligence , Market & Org)",Business Intelligence & Analytics,Instant sales dashboard (daily/weekly)
"Business Strategy (Intelligence , Market & Org)",Business Intelligence & Analytics,Marketing performance dashboard (ROI)
"Business Strategy (Intelligence , Market & Org)",Business Intelligence & Analytics,Campaign performance tracking dashboard
"Business Strategy (Intelligence , Market & Org)",Business Intelligence & Analytics,Track calls Clicks and form fills
"Business Strategy (Intelligence , Market & Org)",Business Intelligence & Analytics,Call/chat/ticket insights from conversations
"Business Strategy (Intelligence , Market & Org)",Business Intelligence & Analytics,Review sentiment → improvement ideas
"Business Strategy (Intelligence , Market & Org)",Business Intelligence & Analytics,Review sentiment + competitor comparisons
"Business Strategy (Intelligence , Market & Org)",Business Intelligence & Analytics,Ops dashboard (orders blacklog SLA)
"Business Strategy (Intelligence , Market & Org)",Market Strategy & Innovation,Business Idea Generation
"Business Strategy (Intelligence , Market & Org)",Market Strategy & Innovation,Trending Products
"Business Strategy (Intelligence , Market & Org)",Market Strategy & Innovation,Track competitors prcing and offers
"Business Strategy (Intelligence , Market & Org)",Market Strategy & Innovation,Market & industry trend summaries
"Business Strategy (Intelligence , Market & Org)",Market Strategy & Innovation,Predict demand & business outcomes
"Business Strategy (Intelligence , Market & Org)",Market Strategy & Innovation,Competitor monitoring & price alerts
"Business Strategy (Intelligence , Market & Org)",Market Strategy & Innovation,Market & trend research summaries
"Business Strategy (Intelligence , Market & Org)",Market Strategy & Innovation,AI research summaries for decisions
"Business Strategy (Intelligence , Market & Org)",Market Strategy & Innovation,Sales & revenue forecasting
"Business Strategy (Intelligence , Market & Org)",Market Strategy & Innovation,Predict demand and stock needs
"Business Strategy (Intelligence , Market & Org)",Financial Health & Risk,Spot profit leaks and improve margins
"Business Strategy (Intelligence , Market & Org)",Financial Health & Risk,Prevent revenue leakage from contracts (renewals pricing penalties)
"Business Strategy (Intelligence , Market & Org)",Financial Health & Risk,Cashflow + spend control dashboard
"Business Strategy (Intelligence , Market & Org)",Financial Health & Risk,Instant finance dashboard (monthly/weekly)
"Business Strategy (Intelligence , Market & Org)",Financial Health & Risk,Budget vs actual insights with variance alerts
"Business Strategy (Intelligence , Market & Org)",Financial Health & Risk,Cashflow forecast (30/60/90 days)
"Business Strategy (Intelligence , Market & Org)",Financial Health & Risk,Spend control alerts and trend insights
"Business Strategy (Intelligence , Market & Org)",Financial Health & Risk,Contract risk snapshot (high-risk clauses obligations renewals)
"Business Strategy (Intelligence , Market & Org)",Financial Health & Risk,Supplier risk and exposure tracking
"Business Strategy (Intelligence , Market & Org)",Financial Health & Risk,Supplier risk monitoring
"Business Strategy (Intelligence , Market & Org)",Org Efficiency & Hiring,Hire faster to support growth
"Business Strategy (Intelligence , Market & Org)",Org Efficiency & Hiring,Build a knowledge base from SOPs
"Business Strategy (Intelligence , Market & Org)",Org Efficiency & Hiring,Internal Q&A bot from SOPs/policies
"Business Strategy (Intelligence , Market & Org)",Org Efficiency & Hiring,Industry best practice
"Business Strategy (Intelligence , Market & Org)",Org Efficiency & Hiring,Delivery/logistics performance reporting
"Business Strategy (Intelligence , Market & Org)",Org Efficiency & Hiring,Hiring funnel dashboard
"Business Strategy (Intelligence , Market & Org)",Org Efficiency & Hiring,Improve hire quality insights
"Business Strategy (Intelligence , Market & Org)",Org Efficiency & Hiring,Interview feedback summaries
"Business Strategy (Intelligence , Market & Org)",Org Efficiency & Hiring,HR knowledge base from policies
"Business Strategy (Intelligence , Market & Org)",Org Efficiency & Hiring,Internal Q&A bot for HR queries
"Business Strategy (Intelligence , Market & Org)",Org Efficiency & Hiring,Organize resumes and candidate notes
"Business Strategy (Intelligence , Market & Org)",Org Efficiency & Hiring,Brand monitoring & crisis alerts
"Business Strategy (Intelligence , Market & Org)",Org Efficiency & Hiring,Search/chat across help docs
"Business Strategy (Intelligence , Market & Org)",Org Efficiency & Hiring,Internal Q&A bot from SOPs
"Business Strategy (Intelligence , Market & Org)",Org Efficiency & Hiring,Weekly goals + progress summary
"Business Strategy (Intelligence , Market & Org)",Org Efficiency & Hiring,Chat with your personal documents
"Business Strategy (Intelligence , Market & Org)",Org Efficiency & Hiring,Auto‑tag and organize your files
"Business Strategy (Intelligence , Market & Org)",Improve yourself,Plan weekly priorities and tasks
"Business Strategy (Intelligence , Market & Org)",Improve yourself,Prep for pitches and presentations
"Business Strategy (Intelligence , Market & Org)",Improve yourself,Personal branding content plan
"Business Strategy (Intelligence , Market & Org)",Improve yourself,Create a learning plan + summaries
"Business Strategy (Intelligence , Market & Org)",Improve yourself,Contract drafting & review support
"Business Strategy (Intelligence , Market & Org)",Improve yourself,Team Sprit Action plan 
"Save Time (Automation Workflow , Extract PDF, Bulk Task)",Sales & Content Automation,Automate lead capture into Sheets/CRM
"Save Time (Automation Workflow , Extract PDF, Bulk Task)",Sales & Content Automation,Auto‑capture leads from forms/ads
"Save Time (Automation Workflow , Extract PDF, Bulk Task)",Sales & Content Automation,Draft proposals quotes and emails faster
"Save Time (Automation Workflow , Extract PDF, Bulk Task)",Sales & Content Automation,Mail + DM + influencer outreach automation
"Save Time (Automation Workflow , Extract PDF, Bulk Task)",Sales & Content Automation,Auto‑reply + follow‑up sequences
"Save Time (Automation Workflow , Extract PDF, Bulk Task)",Sales & Content Automation,Summarize calls/chats into CRM notes
"Save Time (Automation Workflow , Extract PDF, Bulk Task)",Sales & Content Automation,Repurpose long videos into shorts
"Save Time (Automation Workflow , Extract PDF, Bulk Task)",Sales & Content Automation,Schedule posts + reuse content ideas
"Save Time (Automation Workflow , Extract PDF, Bulk Task)",Sales & Content Automation,Bulk update product listings/catalog
"Save Time (Automation Workflow , Extract PDF, Bulk Task)",Sales & Content Automation,Generate A+ store content at scale
"Save Time (Automation Workflow , Extract PDF, Bulk Task)",Sales & Content Automation,Auto‑create weekly content calendar
"Save Time (Automation Workflow , Extract PDF, Bulk Task)",Finance Legal & Admin,Automate procurement requests/approvals
"Save Time (Automation Workflow , Extract PDF, Bulk Task)",Finance Legal & Admin,Automate procurement approvals
"Save Time (Automation Workflow , Extract PDF, Bulk Task)",Finance Legal & Admin,Automate HR or Finance
"Save Time (Automation Workflow , Extract PDF, Bulk Task)",Finance Legal & Admin,Extract invoice/order data from PDFs
"Save Time (Automation Workflow , Extract PDF, Bulk Task)",Finance Legal & Admin,Extract invoices/receipts from PDFs into Sheets
"Save Time (Automation Workflow , Extract PDF, Bulk Task)",Finance Legal & Admin,Classify docs (invoice/contract/report)
"Save Time (Automation Workflow , Extract PDF, Bulk Task)",Finance Legal & Admin,Bookkeeping assistance + auto categorization
"Save Time (Automation Workflow , Extract PDF, Bulk Task)",Finance Legal & Admin,Expense tracking + spend control automation
"Save Time (Automation Workflow , Extract PDF, Bulk Task)",Finance Legal & Admin,Auto-generate client/vendor payment reminders
"Save Time (Automation Workflow , Extract PDF, Bulk Task)",Finance Legal & Admin,Draft finance emails reports and summaries faster
"Save Time (Automation Workflow , Extract PDF, Bulk Task)",Finance Legal & Admin,Extract key terms from contracts (payment renewal notice period)
"Save Time (Automation Workflow , Extract PDF, Bulk Task)",Finance Legal & Admin,Automate contract approvals renewals and deadline reminders
"Save Time (Automation Workflow , Extract PDF, Bulk Task)",Finance Legal & Admin,Compliance checklist summaries and policy Q&A
"Save Time (Automation Workflow , Extract PDF, Bulk Task)",Customer Support Ops,24/7 support assistant + escalation
"Save Time (Automation Workflow , Extract PDF, Bulk Task)",Customer Support Ops,Automate order updates and tracking
"Save Time (Automation Workflow , Extract PDF, Bulk Task)",Customer Support Ops,Track orders + customer notifications
"Save Time (Automation Workflow , Extract PDF, Bulk Task)",Customer Support Ops,Support ticket routing automation
"Save Time (Automation Workflow , Extract PDF, Bulk Task)",Customer Support Ops,Auto‑tag route and prioritize tickets
"Save Time (Automation Workflow , Extract PDF, Bulk Task)",Customer Support Ops,Draft replies in brand voice
"Save Time (Automation Workflow , Extract PDF, Bulk Task)",Customer Support Ops,WhatsApp/Instagram instant replies
"Save Time (Automation Workflow , Extract PDF, Bulk Task)",Customer Support Ops,Build a support knowledge base
"Save Time (Automation Workflow , Extract PDF, Bulk Task)",Recruiting & HR Ops,Find candidates faster (multi‑source)
"Save Time (Automation Workflow , Extract PDF, Bulk Task)",Recruiting & HR Ops,Resume screening + shortlisting
"Save Time (Automation Workflow , Extract PDF, Bulk Task)",Recruiting & HR Ops,Automate interview scheduling
"Save Time (Automation Workflow , Extract PDF, Bulk Task)",Recruiting & HR Ops,Automate candidate follow‑ups
"Save Time (Automation Workflow , Extract PDF, Bulk Task)",Recruiting & HR Ops,High‑volume hiring coordination
"Save Time (Automation Workflow , Extract PDF, Bulk Task)",Recruiting & HR Ops,Onboarding checklists + HR support
"Save Time (Automation Workflow , Extract PDF, Bulk Task)",Recruiting & HR Ops,Draft job descriptions and outreach
"Save Time (Automation Workflow , Extract PDF, Bulk Task)",Personal & Team Productivity,Summarize meetings + action items
"Save Time (Automation Workflow , Extract PDF, Bulk Task)",Personal & Team Productivity,Summarize meetings + send action items
"Save Time (Automation Workflow , Extract PDF, Bulk Task)",Personal & Team Productivity,Extract data from PDFs/images to Sheets
"Save Time (Automation Workflow , Extract PDF, Bulk Task)",Personal & Team Productivity,Extract data from PDFs/images
"Save Time (Automation Workflow , Extract PDF, Bulk Task)",Personal & Team Productivity,Automate repetitive admin workflows
"Save Time (Automation Workflow , Extract PDF, Bulk Task)",Personal & Team Productivity,Excel and App script Automation
"Save Time (Automation Workflow , Extract PDF, Bulk Task)",Personal & Team Productivity,Auto‑tag and organize documents
"Save Time (Automation Workflow , Extract PDF, Bulk Task)",Personal & Team Productivity,Organize notes automatically
"Save Time (Automation Workflow , Extract PDF, Bulk Task)",Personal & Team Productivity,Draft emails reports and proposals
"Save Time (Automation Workflow , Extract PDF, Bulk Task)",Personal & Team Productivity,Summarize PDFs and long documents